﻿color,condition,space_key,thisN,thisTrialN,thisRepN,key_resp_Tutorial.keys,key_resp_Tutorial.corr,key_resp_Tutorial.rt,key_resp_Tutorial.duration,trials.thisRepN,trials.thisTrialN,trials.thisN,trials.thisIndex,thisRow.t,notes,Welcome.started,text_welcome.started,key_welcome.started,Welcome.stopped,key_welcome.keys,key_welcome.rt,key_welcome.duration,Instructions.started,text_Instructions.started,key_Instructions.started,Instructions.stopped,key_Instructions.keys,key_Instructions.rt,key_Instructions.duration,Tutorial.started,image_Tutorial.started,key_resp_Tutorial.started,Tutorial.stopped,trials.key_resp_Tutorial.keys,trials.key_resp_Tutorial.corr,trials.key_resp_Tutorial.rt,trials.key_resp_Tutorial.duration,Feedback_Tutorial.started,text_feedback_Tutorial.started,text_feedback_Tutorial.stopped,Feedback_Tutorial.stopped,image_Tutorial.stopped,key_resp_Tutorial.stopped,participant,session,date,expName,psychopyVersion,frameRate,expStart,
,,,,,,,,,,,,,,,,0.007349699968472123,0.012458499986678362,0.012458499986678362,0.4705408000154421,space,0.4520189999602735,None,,,,,,,,,,,,,,,,,,,,,,2222,001,2025-01-24_12h21.07.258,Go No-Go,2024.2.4,143.98246874884492,2025-01-24 12h21.14.121615 +0700,
,,,,,,,,,,,,,,,,,,,,,,,0.470581499976106,0.4769352999283001,0.4769352999283001,1.0495631999801844,space,0.571398300002329,None,,,,,,,,,,,,,,,2222,001,2025-01-24_12h21.07.258,Go No-Go,2024.2.4,143.98246874884492,2025-01-24 12h21.14.121615 +0700,
Images/mice.png,go,space,0,0,0,space,1,0.8609968000091612,None,0,0,0,0,1.1045402999734506,,,,,,,,,,,,,,,,1.0659501999616623,1.1045402999734506,1.1045402999734506,1.972002899972722,space,1,0.8609968000091612,None,1.9739194000139832,1.9821372999576852,3.488428400014527,3.469798299949616,,,2222,001,2025-01-24_12h21.07.258,Go No-Go,2024.2.4,143.98246874884492,2025-01-24 12h21.14.121615 +0700,
Images/mice.png,go,space,1,1,0,None,0,,,0,1,1,1,3.488428400014527,,,,,,,,,,,,,,,,3.480867699952796,3.488428400014527,3.488428400014527,8.4783313999651,None,0,,,8.478400200023316,8.483201600029133,9.989189099986106,9.970146399922669,,,2222,001,2025-01-24_12h21.07.258,Go No-Go,2024.2.4,143.98246874884492,2025-01-24 12h21.14.121615 +0700,
Images/cat.png,nogo,None,2,2,0,space,0,0.4004023999441415,None,0,2,2,2,9.989189099986106,,,,,,,,,,,,,,,,9.978801899938844,9.989189099986106,9.989189099986106,10.393826799932867,space,0,0.4004023999441415,None,10.39388049999252,10.39800769998692,11.903035099967383,11.88481179997325,,,2222,001,2025-01-24_12h21.07.258,Go No-Go,2024.2.4,143.98246874884492,2025-01-24 12h21.14.121615 +0700,
Images/cat.png,nogo,None,3,3,0,None,1,,,0,3,3,3,11.903035099967383,,,,,,,,,,,,,,,,11.893302700016648,11.903035099967383,11.903035099967383,16.893629399943165,None,1,,,16.8936776999617,16.898218199959956,18.389638099935837,18.38504879991524,16.898218199959956,16.898218199959956,2222,001,2025-01-24_12h21.07.258,Go No-Go,2024.2.4,143.98246874884492,2025-01-24 12h21.14.121615 +0700,
None,None,None,4,4,0,None,1,,,0,4,4,4,18.389638099935837,,,,,,,,,,,,,,,,18.385256799985655,18.389638099935837,18.389638099935837,23.37975429999642,None,1,,,23.379804000025615,23.384486999944784,24.876158499973826,24.871355599956587,23.384486999944784,23.384486999944784,2222,001,2025-01-24_12h21.07.258,Go No-Go,2024.2.4,143.98246874884492,2025-01-24 12h21.14.121615 +0700,
None,None,None,5,5,0,,,,,0,5,5,5,24.876158499973826,,,,,,,,,,,,,,,,24.87156439991668,24.88991539995186,24.88991539995186,,,,,,,,,,,,,,,,,,,
