﻿color,condition,space_key,Feedback_space_key.corr_raw,Feedback_space_key.duration_raw,Feedback_space_key.keys_raw,Feedback_space_key.rt_raw,color_raw,condition_raw,key_resp.corr_raw,key_resp.duration_raw,key_resp.keys_raw,key_resp.rt_raw,space_key_raw,thisN_raw,thisRepN_raw,thisTrialN_raw
Images/mice.png,go,space,0,nan,,nan,Images/mice.png,go,1,nan,space,0.993711500079371,space,0,0,0
Images/cat.png,nogo,None,0,nan,,nan,Images/cat.png,nogo,0,nan,space,1.1349551999010146,,1,0,1
Images/mice.png,go,space,0,nan,,nan,Images/mice.png,go,0,nan,,nan,space,2,0,2
Images/mice.png,go,space,0,nan,,nan,Images/mice.png,go,1,nan,space,0.4051661000121385,space,3,0,3
Images/cat.png,nogo,None,0,nan,,nan,Images/mice.png,go,1,nan,space,0.44670259999111295,space,4,0,4
Images/mice.png,go,space,0,nan,,nan,Images/cat.png,nogo,1,nan,,nan,,5,0,5
Images/mice.png,go,space,0,nan,,nan,Images/mice.png,go,1,nan,space,0.49456650007050484,space,6,0,6
Images/mice.png,go,space,0,0.08988220000173897,space,1.0007766999769956,Images/mice.png,go,1,nan,space,0.5886641999240965,space,7,0,7

extraInfo
participant,a4
session,001
date,2025-01-31_14h56.30.593
expName,Go No-Go
psychopyVersion,2024.2.4
frameRate,144.1460142381335
expStart,2025-01-31 14h56.43.661416 +0700
