﻿color,condition,space_key,thisN,thisTrialN,thisRepN,key_resp_t.keys,key_resp_t.corr,Feedback_Tutorial_space_key.keys,Feedback_Tutorial_space_key.corr,Play_t.thisRepN,Play_t.thisTrialN,Play_t.thisN,Play_t.thisIndex,thisRow.t,notes,Tutorial.started,key_resp_t.started,Tutorial.stopped,Play_t.key_resp_t.keys,Play_t.key_resp_t.corr,Feedback_Tutorial_space_key.started,Play_t.Feedback_Tutorial_space_key.keys,Play_t.Feedback_Tutorial_space_key.corr,participant,session,date,expName,psychopyVersion,frameRate,expStart,
,,,,,,,,,,,,,,,,,,,,,,,,3,001,2025-02-06_19h42.36.887,Go No-Go,2024.2.4,59.97314402626421,2025-02-06 19h42.43.748656 +0700,
,,,,,,,,,,,,,,,,,,,,,,,,3,001,2025-02-06_19h42.36.887,Go No-Go,2024.2.4,59.97314402626421,2025-02-06 19h42.43.748656 +0700,
Images/mice.png,go,space,0,0,0,None,0,None,0,0,0,0,0,3.855290999999852,,4.860646699999052,4.87340359999871,9.84066520000124,None,0,9.855294699998922,None,0,3,001,2025-02-06_19h42.36.887,Go No-Go,2024.2.4,59.97314402626421,2025-02-06 19h42.43.748656 +0700,
Images/mice.png,go,space,1,1,0,,,,,0,1,1,1,12.355687499999476,,13.363789300001372,13.374173200001678,,,,,,,,,,,,,,
