﻿color,condition,space_key,thisN,thisTrialN,thisRepN,key_resp_t.keys,key_resp_t.corr,key_resp_t.rt,key_resp_t.duration,trials.thisRepN,trials.thisTrialN,trials.thisN,trials.thisIndex,thisRow.t,notes,Welcome.started,text_welcome.started,key_welcome.started,Welcome.stopped,key_welcome.keys,key_welcome.rt,key_welcome.duration,Instructions.started,text_Instructions.started,key_Instructions.started,Instructions.stopped,key_Instructions.keys,key_Instructions.rt,key_Instructions.duration,Tutorial.started,image_Tutorial.started,key_resp_t.started,Tutorial.stopped,trials.key_resp_t.keys,trials.key_resp_t.corr,trials.key_resp_t.rt,trials.key_resp_t.duration,Feedback_Tutorial.started,text_feedback_Tutorial.started,text_feedback_Tutorial.stopped,Feedback_Tutorial.stopped,Instructions_2.started,text_Instructions_2.started,key_Instructions_2.started,participant,session,date,expName,psychopyVersion,frameRate,expStart,
,,,,,,,,,,,,,,,,0.00974020001012832,0.015308700036257505,0.015308700036257505,0.480431400006637,space,0.45810819999314845,None,,,,,,,,,,,,,,,,,,,,,,,3,001,2025-01-31_09h47.05.870,Go No-Go,2024.2.4,144.07623366050902,2025-01-31 09h47.11.857681 +0700,
,,,,,,,,,,,,,,,,,,,,,,,0.4804686000570655,0.48660870001185685,0.48660870001185685,1.0864984999643639,space,0.593398500001058,None,,,,,,,,,,,,,,,,3,001,2025-01-31_09h47.05.870,Go No-Go,2024.2.4,144.07623366050902,2025-01-31 09h47.11.857681 +0700,
Images/mice.png,go,space,0,0,0,space,1,0.6038433000212535,None,0,0,0,0,1.155822700005956,,,,,,,,,,,,,,,,1.1171365999616683,1.155822700005956,1.155822700005956,1.7665101999882609,space,1,0.6038433000212535,None,1.7682714000111446,1.7768110999604687,3.2897511000046507,3.2644916999852285,,,,3,001,2025-01-31_09h47.05.870,Go No-Go,2024.2.4,144.07623366050902,2025-01-31 09h47.11.857681 +0700,
Images/mice.png,go,space,1,1,0,None,0,,,0,1,1,1,3.2897511000046507,,,,,,,,,,,,,,,,3.2820828000549227,3.2897511000046507,3.2897511000046507,8.273299499996938,None,0,,,8.273352600052021,8.277893500053324,9.790183700039051,9.76488769997377,,,,3,001,2025-01-31_09h47.05.870,Go No-Go,2024.2.4,144.07623366050902,2025-01-31 09h47.11.857681 +0700,
Images/cat.png,nogo,None,2,2,0,space,0,1.0795713999541476,None,0,2,2,2,9.790183700039051,,,,,,,,,,,,,,,,9.782604799955152,9.790183700039051,9.790183700039051,10.875213299994357,space,0,1.0795713999541476,None,10.875270099961199,10.879291899967939,12.391668700031005,12.366202099947259,,,,3,001,2025-01-31_09h47.05.870,Go No-Go,2024.2.4,144.07623366050902,2025-01-31 09h47.11.857681 +0700,
Images/cat.png,nogo,None,3,3,0,None,1,,,0,3,3,3,12.391668700031005,,,,,,,,,,,,,,,,12.383955199969932,12.391668700031005,12.391668700031005,17.381879799999297,None,1,,,17.381931200041436,17.386647499981336,18.877974499948323,18.873290100018494,,,,3,001,2025-01-31_09h47.05.870,Go No-Go,2024.2.4,144.07623366050902,2025-01-31 09h47.11.857681 +0700,
,,,,,,,,,,,,,,,,,,,,,,,,,,,,,,,,,,,,,,,,,,18.873352500027977,18.877974499948323,18.877974499948323,,,,,,,,
