﻿color,condition,space_key,thisN,thisTrialN,thisRepN,key_resp_t.keys,key_resp_t.corr,key_resp_t.rt,key_resp_t.duration,trials.thisRepN,trials.thisTrialN,trials.thisN,trials.thisIndex,thisRow.t,notes,text_Fixation.started,Tutorial.started,image_Tutorial.started,key_resp_t.started,Tutorial.stopped,trials.key_resp_t.keys,trials.key_resp_t.corr,trials.key_resp_t.rt,trials.key_resp_t.duration,Feedback_Tutorial.started,text_feedback_Tutorial.started,text_feedback_Tutorial.stopped,Feedback_Tutorial.stopped,text_Fixation.stopped,participant,session,date,expName,psychopyVersion,frameRate,expStart,
,,,,,,,,,,,,,,,,,,,,,,,,,,,,,,22,001,2025-01-31_11h19.49.519,Go No-Go,2024.2.4,None,2025-01-31 11h19.56.551954 +0700,
,,,,,,,,,,,,,,,,,,,,,,,,,,,,,,22,001,2025-01-31_11h19.49.519,Go No-Go,2024.2.4,None,2025-01-31 11h19.56.551954 +0700,
Images/mice.png,go,space,0,0,0,space,1,0.7103895999025553,None,0,0,0,0,30.79796019999776,,30.79796019999776,35.806436999933794,35.841420999960974,35.841420999960974,36.55655290000141,space,1,0.7103895999025553,None,36.55818739999086,36.56669669994153,38.05907409999054,38.054654599982314,,22,001,2025-01-31_11h19.49.519,Go No-Go,2024.2.4,None,2025-01-31 11h19.56.551954 +0700,
Images/mice.png,go,space,1,1,0,,,,,0,1,1,1,38.05907409999054,,38.05907409999054,43.07132809993345,43.07433939992916,43.07433939992916,,,,,,,,,,43.07433939992916,,,,,,,,
