﻿color,condition,space_key,Feedback_Tutorial_space_key.corr_raw,Feedback_Tutorial_space_key.duration_raw,Feedback_Tutorial_space_key.keys_raw,Feedback_Tutorial_space_key.rt_raw,color_raw,condition_raw,key_resp_t.corr_raw,key_resp_t.duration_raw,key_resp_t.keys_raw,key_resp_t.rt_raw,space_key_raw,thisN_raw,thisRepN_raw,thisTrialN_raw
Images/mice.png,go,space,0,nan,,nan,Images/mice.png,go,1,nan,space,1.0032648999476805,space,0,0,0
Images/mice.png,go,space,0,nan,,nan,Images/mice.png,go,0,nan,,nan,space,1,0,1
Images/cat.png,nogo,None,0,nan,,nan,Images/cat.png,nogo,0,nan,space,2.1176191000267863,,2,0,2
Images/cat.png,nogo,None,0,nan,space,0.9271458999719471,Images/cat.png,nogo,0,nan,space,0.40129179996438324,,3,0,3

extraInfo
participant,a4
session,001
date,2025-01-31_14h56.30.593
expName,Go No-Go
psychopyVersion,2024.2.4
frameRate,144.1460142381335
expStart,2025-01-31 14h56.43.661416 +0700
